config_id,experiment,label,n_agents,n_styles,T,stock,w,taste_dist,pop_dist,stock_observable,fallback_buy,seed,pop_size,generations,K_train,K_eval,e,theta0,theta1,learned_mean,learned_sem,base37_mean,fixed07_mean,random_mean,mean_inspections,mean_accepted_v,pct_empty,train_runtime_s,eval_runtime_s
0,competition,N=1,1,60,30,2,0.5,uniform,uniform,True,False,1000,100,10,500,2000,15.0,1.0,0.7124,0.86905,0.00162,0.82425,0.79963,0.58056,18.288,0.8712,0.0025,15.5,0.2
1,competition,N=2,2,60,30,2,0.5,uniform,uniform,True,False,1001,100,10,500,2000,15.0,1.0,0.743,0.8661,0.00169,0.82298,0.79609,0.58341,19.048,0.8753,0.0105,31.8,0.4
2,competition,N=4,4,60,30,2,0.5,uniform,uniform,True,False,1002,100,10,500,2000,13.0723,1.0,0.7266,0.865,0.00114,0.82261,0.79711,0.58207,18.268,0.8721,0.0081,66.3,0.9
3,competition,N=8,8,60,30,2,0.5,uniform,uniform,True,False,1003,100,10,500,2000,15.0,1.0,0.7191,0.86438,0.0008,0.81875,0.79748,0.5785,18.479,0.8706,0.0072,133.7,2.0
4,competition,N=16,16,60,30,2,0.5,uniform,uniform,True,False,1004,100,10,500,2000,0.0,1.0,0.6928,0.85895,0.00055,0.79917,0.79615,0.57974,16.015,0.8625,0.0041,284.5,4.3
5,scarcity,stock=1,8,60,30,1,0.5,uniform,uniform,True,False,1005,100,10,500,2000,6.1737,0.9996,0.6906,0.85399,0.00075,0.76762,0.7943,0.5766,16.336,0.859,0.0059,142.4,2.1
6,scarcity,stock=2,8,60,30,2,0.5,uniform,uniform,True,False,1006,100,10,500,2000,6.4417,1.0,0.7067,0.86394,0.00067,0.81821,0.79734,0.58274,16.342,0.8669,0.0034,141.0,2.0
7,scarcity,stock=4,8,60,30,4,0.5,uniform,uniform,True,False,1007,100,10,500,2000,14.8816,1.0,0.7215,0.86602,0.0008,0.82533,0.79869,0.57883,18.518,0.8721,0.007,136.9,1.7
8,scarcity,stock=8,8,60,30,8,0.5,uniform,uniform,True,False,1008,100,10,500,2000,15.0,1.0,0.698,0.86648,0.00063,0.8247,0.79879,0.58354,18.026,0.8684,0.0022,127.9,1.6
9,taste_dist,taste=uniform,8,60,30,2,0.5,uniform,uniform,True,False,1009,100,10,500,2000,13.3773,1.0,0.7123,0.86418,0.00073,0.81733,0.79632,0.57943,17.974,0.8685,0.005,133.5,2.0
10,taste_dist,taste=normal,8,60,30,2,0.5,normal,uniform,True,False,1010,100,10,500,2000,15.0,1.0,0.6577,0.78774,0.00057,0.74369,0.74098,0.56538,20.436,0.7897,0.0024,142.1,2.0
11,taste_dist,taste=beta,8,60,30,2,0.5,beta,uniform,True,False,1011,100,10,500,2000,13.0927,1.0,0.5496,0.69924,0.00062,0.64948,0.41553,0.45843,21.416,0.7008,0.0022,146.1,2.3
12,taste_dist,taste=heavy,8,60,30,2,0.5,heavy,uniform,True,False,1012,100,10,500,2000,15.0,1.0,0.4769,0.70001,0.0011,0.62571,0.43939,0.40013,20.756,0.7034,0.0048,150.4,2.1
13,pop_dist,pop=uniform,8,60,30,2,0.5,uniform,uniform,True,False,1013,100,10,500,2000,15.0,1.0,0.7039,0.86527,0.00067,0.81826,0.79755,0.58004,18.236,0.8678,0.0029,132.1,2.0
14,pop_dist,pop=normal,8,60,30,2,0.5,uniform,normal,True,False,1014,100,10,500,2000,3.4115,1.0,0.6656,0.78766,0.00061,0.74827,0.74271,0.56347,20.339,0.791,0.0042,135.5,2.0
15,pop_dist,pop=beta,8,60,30,2,0.5,uniform,beta,True,False,1015,100,10,500,2000,15.0,1.0,0.5615,0.69782,0.00068,0.65144,0.40464,0.45749,21.943,0.7009,0.0044,160.3,2.1
16,pop_dist,pop=heavy,8,60,30,2,0.5,uniform,heavy,True,False,1016,100,10,500,2000,3.273,1.0,0.468,0.68237,0.00128,0.60712,0.383,0.39957,19.966,0.6838,0.0021,147.5,2.1
17,correlation,w=0.0,8,60,30,2,0.0,uniform,uniform,True,False,1017,100,10,500,2000,15.0,1.0,0.8259,0.95215,0.0005,0.92336,0.85029,0.61637,16.896,0.9551,0.0031,132.1,2.0
18,correlation,w=0.3,8,60,30,2,0.3,uniform,uniform,True,False,1018,100,10,500,2000,10.5472,1.0,0.7376,0.87627,0.00066,0.8367,0.79958,0.58658,17.005,0.8804,0.0047,136.1,2.1
19,correlation,w=0.7,8,60,30,2,0.7,uniform,uniform,True,False,1019,100,10,500,2000,13.9528,1.0,0.7267,0.87478,0.00071,0.82703,0.79853,0.58714,17.721,0.8785,0.0042,132.9,2.2
20,correlation,w=1.0,8,60,30,2,1.0,uniform,uniform,True,False,1020,100,10,500,2000,14.5292,1.0,0.7895,0.94138,0.00071,0.87107,0.85029,0.61293,16.842,0.9437,0.0024,128.5,1.8
21,time,"T=12,M=24",8,24,12,2,0.5,uniform,uniform,True,False,1021,100,10,500,2000,5.2026,1.0,0.5876,0.79274,0.00111,0.72297,0.70811,0.57856,8.106,0.8017,0.0111,36.9,0.5
22,time,"T=30,M=60",8,60,30,2,0.5,uniform,uniform,True,False,1022,100,10,500,2000,6.7992,1.0,0.719,0.86343,0.00079,0.81812,0.79726,0.57913,16.653,0.8697,0.0073,130.9,2.0
23,time,"T=60,M=120",8,120,60,2,0.5,uniform,uniform,True,False,1023,100,10,500,2000,30.0,1.0,0.7798,0.90221,0.00053,0.86858,0.80139,0.57835,35.001,0.9045,0.0025,413.8,5.8
24,dating,dating N=M=20 T=20 stock=1 w=0.9,20,20,20,1,0.9,uniform,uniform,True,False,1024,100,10,500,2000,0.0,1.0,0.0625,0.5257,0.00126,0.2516,0.2636,0.50168,9.419,0.5343,0.016,149.0,2.2
25,fallback,fallback_buy=True,8,60,30,2,0.5,uniform,uniform,True,True,1025,100,10,500,2000,8.7158,1.0,0.9503,0.88505,0.00055,0.82333,0.79852,0.57631,29.061,0.8851,0.0,153.2,2.0
26,sanity,N=16 stock=1 w=1,16,60,30,1,1.0,uniform,uniform,True,False,1026,100,10,500,2000,11.8298,1.0,0.6062,0.85292,0.00086,0.51183,0.80676,0.59952,15.629,0.8555,0.003,273.9,4.4
